{
    "Common": {
        "r": 0.0,
        "g": 0.9764706,
        "b": 1.0,
        "a": 1.0
    },
    "Rare": {
        "r": 0.223529413,
        "g": 0.917647064,
        "b": 0.403921574,
        "a": 1.0
    },
    "VeryRare": {
        "r": 0.9882353,
        "g": 0.58431375,
        "b": 0.219607845,
        "a": 1.0
    },
    "Epic": {
        "r": 0.772549033,
        "g": 0.34117648,
        "b": 1.0,
        "a": 1.0
    },
    "Legendary": {
        "r": 0.8980392,
        "g": 0.78039217,
        "b": 0.20784314,
        "a": 1.0
    }
}